id_param_notif;objet_notif;type_notif;contenu
89752334-daef-4f72-ae28-9f3f37a43d66;avant de;actionnaire commis de cuisine bien que;tchou tchouu
e2ecfc05-4aec-493c-86fe-90597b322614;lorsque depuis lunatique;énorme blablabla;transporter équipe de recherche assurément
4ca4f521-a3c7-41df-ac8f-6c11d4e54706;lorsque remarquer;clientèle snif agréable;secours
9090c091-118a-4726-b19f-ed01f74e8191;fade d’autant que groin groin;y secours;responsable quand à peu près
ce6bb014-21fa-4d3a-b166-07ca84a289a9;toc-toc;immense;immense placide céans
4a1a7e41-2382-4a2d-9901-a70ad7fea38d;tandis que;à partir de chut;bof amuser chef
13a4a424-ef7e-4b25-9ef8-f483837d0632;vraisemblablement bè selon;d'après étendre;corps enseignant en dépit de ronron
c125ea43-087d-404d-af16-45b9889bc11d;hors;délégation;électorat smack
cd06a4c1-dee6-457b-adc3-ee6f8d6acd57;jeune;lectorat quand ?;refroidir lorsque
133fb24c-9ae3-4109-ba4b-f477d7b3a0e9;personnel;habile à l'insu de dorénavant;apparemment ah
