id_participant;code_participant;code_banque;nom_banque;libelle;pays;is_actif
3e555769-6b7c-4c56-952d-8d563bda1d03;demain trop au moyen de;mairie au-dessous de lorsque;prou délectable;via en outre de à travers;ronron;false
580d55c6-0025-4b62-bd1c-6783b3b0166f;euh;conseil municipal tandis que;innombrable sans sur;immense;du côté de dring;false
51670a3a-bde0-4433-a12a-2341a39ed4ff;défendre équipe de recherche;orange;à même rudement;areu areu;de peur que;false
9cc4d5df-07a6-4ef9-a2ea-317a8d0ef20f;de crainte que comme;buter mince débarquer;noter;apte peu;après que;true
4d5b38e6-f020-4c50-b5b1-c2e9a0aa7701;comme lors de probablement;tandis que;aux alentours de touriste;en;ferme;false
22eb355a-bdb0-45d9-b687-7e77f0e3a9ca;biathlète bè là-haut;quoique puis de crainte que;préserver;avex extatique triathlète;tellement aujourd'hui;true
c3780f93-2ffd-4320-9fc4-c9abd3fd3b93;chut;passablement vlan bon;maintenant;dès que photographier ouah;cocorico;false
0e1578e6-21cd-4bcf-ba06-7ebc39ba9999;embarquer touchant premièrement;afin de ha souple;badaboum aussitôt;ouch avant que;même si aigre;false
34f994f4-33b3-4973-891d-c53a5ea1c47e;triste;économiser;d'abord hé vétuste;clocher lors de;rédaction associer aménager;true
2cd65da2-a5a3-45ca-9822-a0f63d4f233c;police à raison de;émouvoir commis de cuisine vite;rédaction espiègle;affable ha responsable;contester;true
