id_type_contrat;libelle
d6a3bc01-db69-4ec5-9823-00e46693dd8c;raide considérable corps enseignant
496d8535-9cb0-4e58-be83-8e7f7c256027;en decà de compléter de peur que
971fa8fc-2622-45f0-ab9c-7b97ae39980f;dans
5fc0c861-720e-4364-9e9d-3c2d70b9249a;à cause de ronron areu areu
db4273e5-5743-4c2b-ac9a-f91771664111;émettre pourvu que patientèle
1d14dace-267d-4004-ad2f-2a097951c48a;trop feindre
7b79ecbb-7558-4410-adc0-1e50c620a555;avant que nommer
7346d3f1-8155-4b8c-be29-ff5c39b0ed9a;guère via biathlète
f0784c7a-4cdd-4b3a-97ff-819f5d6d3b35;oh responsable
a357273d-8a76-4b1c-8562-b207d5e5da2b;avouer où
