id_type_client;libelle
83274927-de74-4635-976f-22f4d2d5f458;au prix de ha ha emmener
a3f68af2-51e1-4a85-b4a4-13d7b3c2bab0;police au point que davantage
008c34b5-1343-4d81-abc6-26892486ed2a;diplomate
a0412f6e-4697-45bf-8fcc-98b63b9d5168;jusque Ã©quipe
7bff7d4b-bd73-4f07-bcf3-a5fa5ac28b16;invoquer en bas de refaire
5894e734-3cd2-409e-b35b-58d975ef0340;dynamique
8eedfc30-0aef-4b07-8661-7d18f6f13319;enfin projeter totalement
8e31dcee-a5a5-4a67-9afc-53f662f21821;grandement exercer
3a49c1fe-2de0-46a3-9865-d6e3967b2d91;atchoum
c7e01a1d-6888-45c6-9cf8-c56fbe2293ce;membre du personnel via areu areu
